pde,model,sample,time,mse,nrmse,max_err
Burgers,Burgers_FNO,5187,0.5000,4.809647e-06,6.838459e-03,1.552218e-02
Burgers,Burgers_Unet,5187,0.5000,1.342099e-01,1.142336e+00,4.280965e-01
Burgers,Burgers_PINN,5187,0.5000,2.855270e-04,5.268964e-02,1.977167e-02
Advection,Advection_FNO,8648,0.5000,5.631618e-05,1.114540e-02,2.007449e-02
Advection,Advection_Unet,8648,0.5000,8.820719e-02,4.410940e-01,4.771720e-01
Advection,Advection_PINN,8648,0.5000,3.073376e-02,2.603676e-01,3.015426e-01
DiffSorp,DiffSorp_FNO,0001,250.0000,7.838687e-05,2.324940e-02,2.488059e-02
DiffSorp,DiffSorp_Unet,0001,250.0000,1.704320e-02,3.428196e-01,5.225106e-01
DiffSorp,DiffSorp_PINN,0001,250.0000,9.627658e-05,2.576620e-02,1.839069e-02
